{
  "project_info": {
    "project_number": "6141711708",
    "project_id": "mini-projjj",
    "storage_bucket": "mini-projjj.appspot.com"
  },
  "client": [
    {
      "client_info": {
        "mobilesdk_app_id": "1:6141711708:android:75b6e266e5983990a59d99",
        "android_client_info": {
          "package_name": "com.mini.foodiescorner"
        }
      },
      "oauth_client": [
        {
          "client_id": "6141711708-7b681l2mviek3uing5mb5hc77iollooe.apps.googleusercontent.com",
          "client_type": 3
        }
      ],
      "api_key": [
        {
          "current_key": "AIzaSyC_raIPPHniX3LyDqPXgUGbi56p_mdzmJ0"
        }
      ],
      "services": {
        "appinvite_service": {
          "other_platform_oauth_client": [
            {
              "client_id": "6141711708-7b681l2mviek3uing5mb5hc77iollooe.apps.googleusercontent.com",
              "client_type": 3
            }
          ]
        }
      }
    }
  ],
  "configuration_version": "1"
}